[
{
    "model": "scxrd.person",
    "pk": 1,
    "fields": {
        "first_name": "Stefan",
        "last_name": "Meier",
        "company": "Albert-Ludwigs-Universit\u00e4t Freiburg",
        "work_group": 1,
        "street": "Albertstra\u00dfe",
        "house_number": "21",
        "building": "AC",
        "town": "Freiburg",
        "country": "",
        "postal_code": "79104",
        "email_adress": "daniel.kratzert@ac.uni-freiburg.de",
        "phone_number": "7612036156",
        "comment": ""
    }
},
{
    "model": "scxrd.person",
    "pk": 2,
    "fields": {
        "first_name": "Ingo",
        "last_name": "Krossing",
        "company": "Albert-Ludwigs-Universit\u00e4t Freiburg",
        "work_group": 1,
        "street": "Albertstra\u00dfe",
        "house_number": "21",
        "building": "Institut f\u00fcr Anorganische und Analytische Chemie",
        "town": "Freiburg im Breisgau",
        "country": "Deutschland",
        "postal_code": "79104",
        "email_adress": "daniel.kratzert@ac.uni-freiburg.de",
        "phone_number": "7612036156",
        "comment": ""
    }
},
{
    "model": "scxrd.person",
    "pk": 3,
    "fields": {
        "first_name": "Birgit",
        "last_name": "Esser",
        "company": "Albert-Ludwigs-Universit\u00e4t Freiburg",
        "work_group": 3,
        "street": "Institut f\u00fcr Anorganische und Analytische Chemie, Albertstra\u00dfe 21",
        "house_number": "21",
        "building": "Oc",
        "town": "Freiburg im Breisgau",
        "country": "Deutschland",
        "postal_code": "79104",
        "email_adress": "daniel.kratzert@ac.uni-freiburg.de",
        "phone_number": "7612036156",
        "comment": ""
    }
},
{
    "model": "scxrd.person",
    "pk": 8,
    "fields": {
        "first_name": "Susi",
        "last_name": "Sorglos",
        "company": "",
        "work_group": 6,
        "street": "",
        "house_number": "",
        "building": "",
        "town": "",
        "country": "",
        "postal_code": "",
        "email_adress": "",
        "phone_number": "",
        "comment": ""
    }
},
{
    "model": "scxrd.person",
    "pk": 15,
    "fields": {
        "first_name": "Harald",
        "last_name": "Hinterseer",
        "company": "Albert-Ludwigs-Universit\u00e4t Freiburg",
        "work_group": 1,
        "street": "Albertstra\u00dfe",
        "house_number": "",
        "building": "",
        "town": "",
        "country": "",
        "postal_code": "",
        "email_adress": "foo@bar.de",
        "phone_number": "",
        "comment": ""
    }
},
{
    "model": "scxrd.person",
    "pk": 21,
    "fields": {
        "first_name": "Franz",
        "last_name": "Fuchs",
        "company": "Albert-Ludwigs-Universit\u00e4t Freiburg",
        "work_group": 1,
        "street": "Institut f\u00fcr Anorganische und Analytische Chemie, Albertstra\u00dfe 21",
        "house_number": "",
        "building": "",
        "town": "Freiburg im Breisgau",
        "country": "Deutschland",
        "postal_code": "79104",
        "email_adress": "foo.bar@ac.uni-freiburg.de",
        "phone_number": "7612036156",
        "comment": ""
    }
},
{
    "model": "scxrd.person",
    "pk": 22,
    "fields": {
        "first_name": "Bernhard",
        "last_name": "Breit",
        "company": "Albert-Ludwigs-Universit\u00e4t Freiburg",
        "work_group": 8,
        "street": "Albertstra\u00dfe",
        "house_number": "21",
        "building": "OC",
        "town": "Freiburg im Breisgau",
        "country": "Deutschland",
        "postal_code": "79104",
        "email_adress": "",
        "phone_number": "",
        "comment": ""
    }
},
{
    "model": "scxrd.person",
    "pk": 23,
    "fields": {
        "first_name": "Manfred",
        "last_name": "Keller",
        "company": "Albert-Ludwigs-Universit\u00e4t Freiburg",
        "work_group": 8,
        "street": "Albertstra\u00dfe",
        "house_number": "21",
        "building": "OC",
        "town": "Freiburg im Breisgau",
        "country": "Deutschland",
        "postal_code": "79104",
        "email_adress": "",
        "phone_number": "",
        "comment": ""
    }
},
{
    "model": "scxrd.person",
    "pk": 24,
    "fields": {
        "first_name": "Martin",
        "last_name": "R\u00f6lz",
        "company": "Albert-Ludwigs-Universit\u00e4t Freiburg",
        "work_group": 8,
        "street": "Albertstra\u00dfe",
        "house_number": "21",
        "building": "OC",
        "town": "Freiburg im Breisgau",
        "country": "Deutschland",
        "postal_code": "79104",
        "email_adress": "",
        "phone_number": "",
        "comment": ""
    }
},
{
    "model": "scxrd.workgroup",
    "pk": 1,
    "fields": {
        "group_head": 2
    }
},
{
    "model": "scxrd.workgroup",
    "pk": 3,
    "fields": {
        "group_head": 3
    }
},
{
    "model": "scxrd.workgroup",
    "pk": 4,
    "fields": {
        "group_head": 15
    }
},
{
    "model": "scxrd.workgroup",
    "pk": 6,
    "fields": {
        "group_head": 8
    }
},
{
    "model": "scxrd.workgroup",
    "pk": 7,
    "fields": {
        "group_head": 1
    }
},
{
    "model": "scxrd.workgroup",
    "pk": 8,
    "fields": {
        "group_head": 22
    }
},
{
    "model": "scxrd.machine",
    "pk": 5,
    "fields": {
        "diffrn_measurement_device_type": "APEX",
        "diffrn_measurement_device": "Bruker SMART APEXII QUAZAR",
        "diffrn_measurement_device_details": null
    }
},
{
    "model": "scxrd.machine",
    "pk": 6,
    "fields": {
        "diffrn_measurement_device_type": "QUAZAR",
        "diffrn_measurement_device": "Bruker three circle D8 Machine",
        "diffrn_measurement_device_details": null
    }
},
{
    "model": "scxrd.machine",
    "pk": 7,
    "fields": {
        "diffrn_measurement_device_type": "Spider",
        "diffrn_measurement_device": "Rigaku Spider four circle goniometer with sealed tube",
        "diffrn_measurement_device_details": null
    }
},
{
    "model": "scxrd.machine",
    "pk": 8,
    "fields": {
        "diffrn_measurement_device_type": "VENTURE",
        "diffrn_measurement_device": "Bruker three circle dual wavelength micro focus",
        "diffrn_measurement_device_details": null
    }
},
{
    "model": "scxrd.solvent",
    "pk": 1,
    "fields": {
        "name": "Hexane"
    }
},
{
    "model": "scxrd.solvent",
    "pk": 2,
    "fields": {
        "name": "THF"
    }
},
{
    "model": "scxrd.solvent",
    "pk": 3,
    "fields": {
        "name": "Toluene"
    }
},
{
    "model": "scxrd.solvent",
    "pk": 4,
    "fields": {
        "name": "Pentane"
    }
},
{
    "model": "scxrd.solvent",
    "pk": 5,
    "fields": {
        "name": "CHCl3"
    }
},
{
    "model": "scxrd.solvent",
    "pk": 6,
    "fields": {
        "name": "acetone"
    }
},
{
    "model": "scxrd.solvent",
    "pk": 7,
    "fields": {
        "name": "diglyme"
    }
},
{
    "model": "scxrd.solvent",
    "pk": 8,
    "fields": {
        "name": "heptane"
    }
},
{
    "model": "scxrd.solvent",
    "pk": 9,
    "fields": {
        "name": "ethanol"
    }
},
{
    "model": "scxrd.crystalsupport",
    "pk": 1,
    "fields": {
        "support": "glass capillary"
    }
},
{
    "model": "scxrd.crystalsupport",
    "pk": 2,
    "fields": {
        "support": "cat whisker"
    }
},
{
    "model": "scxrd.crystalsupport",
    "pk": 3,
    "fields": {
        "support": "cactus needle"
    }
},
{
    "model": "scxrd.crystalsupport",
    "pk": 4,
    "fields": {
        "support": "glass fiber"
    }
},
{
    "model": "scxrd.crystalsupport",
    "pk": 5,
    "fields": {
        "support": "MiTeGen Loop"
    }
},
{
    "model": "scxrd.crystalglue",
    "pk": 1,
    "fields": {
        "glue": "Polyether Oil"
    }
},
{
    "model": "scxrd.crystalglue",
    "pk": 2,
    "fields": {
        "glue": "Grease"
    }
},
{
    "model": "scxrd.crystalglue",
    "pk": 3,
    "fields": {
        "glue": "Motor Oil"
    }
},
{
    "model": "scxrd.crystalshape",
    "pk": 1,
    "fields": {
        "habitus": "block"
    }
},
{
    "model": "scxrd.crystalshape",
    "pk": 2,
    "fields": {
        "habitus": "plate"
    }
},
{
    "model": "scxrd.crystalshape",
    "pk": 3,
    "fields": {
        "habitus": "needle"
    }
},
{
    "model": "scxrd.experiment",
    "pk": 18,
    "fields": {
        "experiment": "Breit_F124B",
        "number": 1,
        "publishable": false,
        "customer": 3,
        "operator": 1,
        "machine": 6,
        "sum_formula": "",
        "prelim_unit_cell": "",
        "solvent1": 1,
        "solvent2": null,
        "solvent3": null,
        "measure_date": "2019-02-26T13:39:00Z",
        "submit_date": null,
        "result_date": null,
        "base": 5,
        "glue": null,
        "cif": null,
        "absfile": null,
        "crystal_size_x": 0.12,
        "crystal_size_y": 0.23,
        "crystal_size_z": 0.12,
        "crystal_colour": 1,
        "crystal_colour_mod": 0,
        "crystal_colour_lustre": 0,
        "crystal_habit": null,
        "exptl_special_details": ""
    }
},
{
    "model": "scxrd.experiment",
    "pk": 19,
    "fields": {
        "experiment": "Keller_SG_53F41",
        "number": 2,
        "publishable": false,
        "customer": 23,
        "operator": 1,
        "machine": 7,
        "sum_formula": "C30H24NO3P",
        "prelim_unit_cell": "",
        "solvent1": null,
        "solvent2": null,
        "solvent3": null,
        "measure_date": "2019-02-28T07:47:00Z",
        "submit_date": null,
        "result_date": null,
        "base": 5,
        "glue": 1,
        "cif": null,
        "absfile": null,
        "crystal_size_x": 0.03,
        "crystal_size_y": 0.03,
        "crystal_size_z": 0.03,
        "crystal_colour": 5,
        "crystal_colour_mod": 0,
        "crystal_colour_lustre": 0,
        "crystal_habit": null,
        "exptl_special_details": ""
    }
},
{
    "model": "scxrd.experiment",
    "pk": 20,
    "fields": {
        "experiment": "DL_ML_746",
        "number": 3,
        "publishable": true,
        "customer": 2,
        "operator": 1,
        "machine": 6,
        "sum_formula": "",
        "prelim_unit_cell": "",
        "solvent1": null,
        "solvent2": null,
        "solvent3": null,
        "measure_date": "2019-02-28T10:16:00Z",
        "submit_date": null,
        "result_date": null,
        "base": 5,
        "glue": 2,
        "cif": null,
        "absfile": null,
        "crystal_size_x": 0.05,
        "crystal_size_y": 0.05,
        "crystal_size_z": 0.04,
        "crystal_colour": 3,
        "crystal_colour_mod": 0,
        "crystal_colour_lustre": 0,
        "crystal_habit": null,
        "exptl_special_details": ""
    }
}
]
